{"53f774a2a7c2a5000000002a":{
    "motestackId":{
        "nvsramLog":false,
        "sPeriod":300,
        "sensing":[
            {
                "sensingDevice":
                {
                    "id":"53f73f6e1283720000000022",
                    "label":"Decagon CTD",
                    "type":"SDI12",
                    "params":[
                        "53f73f6e128372000000001f",
                        "53f73f6e1283720000000020",
                        "53f73f6e1283720000000021"
                    ]
                },
                "id":"1",
                "label":"Decagon CTD",
                "parameters":[
                    {
                        "parameter":{
                            "unit":"millimeters",
                            "min":0,
                            "max":5000,
                            "subject":"Water",
                            "property":"Depth",
                            "accuracy":0.05,
                            "sensor":"Depth",
                            "id":"53f73f6e128372000000001f",
                            "label":"Depth",
                            "resolution":1}
                    },{"parameter":{"unit":"degrees celsius","min":-11,"max":49,"subject":"Water","property":"Temperature","accuracy":1,"sensor":"Temperature","id":"53f73f6e1283720000000020","label":"Temperature","resolution":0.1}},{"parameter":{"unit":"deciseimans per meter","min":0,"max":120,"subject":"Water","property":"Conductivity","accuracy":0.01,"sensor":"Conductivity","id":"53f73f6e1283720000000021","label":"Conductivity","resolution":0.001}}]}],"comm":{"config":{"cell-band":"1","gw-add":"http://vpn.ir.clemson.edu","apn-name":"epc.tmobile.com","gw-port":"5000"},"radio":{"options":[{"name":"apn-name","label":"APN Name","type":"text","required":false},{"name":"cell-band","label":"Cellular Band","type":"number","required":false},{"name":"gw-add","label":"Gateway Address","type":"url","required":false},{"name":"gw-port","label":"Gateway Port","type":"number","required":false}],"id":"53d2b49c0d4574412500002a","label":"Cellular"}},"minSdi12":0,"sTrans":4,"active":true,"sdi12Read":3,"label":"BAR 01","uri":"http://www.intelligentriver.org/resource/deployment#bar_1","max1Wire":1,"sLogSize":1,"numAds":0,"sdi12St":5,"maxSdi12":1,"sdi12V3":true,"id":"53f73fc91283720000000024","min1Wire":0,"projectId":"5"},"active":true,"location":{"lng":-79.248515,"lat":33.330414},"id":"53f774a2a7c2a5000000002a","label":"Bar 1","projectId":"5"},"53f77448a7c2a50000000027":{"motestackId":{"nvsramLog":false,"sPeriod":300,"sensing":[{"sensingDevice":{"id":"53f741cc128372000000002b","label":"Decagon GS3","type":"SDI12","params":["53f741cc1283720000000028","53f741cc1283720000000029","53f741cc128372000000002a"]},"id":"0","label":"Decagon GS3","parameters":[{"parameter":{"unit":"Vol %","min":1,"max":80,"subject":"Water","property":"Volumetric Water Content","accuracy":1,"sensor":"Volumetric Water Content","id":"53f741cc1283720000000028","label":"Volumetric Water Content","resolution":0.1}},{"parameter":{"unit":"degrees celsius","min":-40,"max":50,"subject":"Water","property":"Temperature","accuracy":1,"sensor":"Temperature","id":"53f741cc1283720000000029","label":"Temperature","resolution":0.1}},{"parameter":{"unit":"deciseimans per meter","min":0,"max":23,"subject":"Water","property":"Conductivity","accuracy":10,"sensor":"Conductivity","id":"53f741cc128372000000002a","label":"Conductivity","resolution":0.001}}]},{"sensingDevice":{"id":"53f741cc128372000000002b","label":"Decagon GS3","type":"SDI12","params":["53f741cc1283720000000028","53f741cc1283720000000029","53f741cc128372000000002a"]},"id":"1","label":"Decagon GS3","parameters":[{"parameter":{"unit":"Vol %","min":1,"max":80,"subject":"Water","property":"Volumetric Water Content","accuracy":1,"sensor":"Volumetric Water Content","id":"53f741cc1283720000000028","label":"Volumetric Water Content","resolution":0.1}},{"parameter":{"unit":"degrees celsius","min":-40,"max":50,"subject":"Water","property":"Temperature","accuracy":1,"sensor":"Temperature","id":"53f741cc1283720000000029","label":"Temperature","resolution":0.1}},{"parameter":{"unit":"deciseimans per meter","min":0,"max":23,"subject":"Water","property":"Conductivity","accuracy":10,"sensor":"Conductivity","id":"53f741cc128372000000002a","label":"Conductivity","resolution":0.001}}]},{"sensingDevice":{"id":"53f741cc128372000000002b","label":"Decagon GS3","type":"SDI12","params":["53f741cc1283720000000028","53f741cc1283720000000029","53f741cc128372000000002a"]},"id":"2","label":"Decagon GS3","parameters":[{"parameter":{"unit":"Vol %","min":1,"max":80,"subject":"Water","property":"Volumetric Water Content","accuracy":1,"sensor":"Volumetric Water Content","id":"53f741cc1283720000000028","label":"Volumetric Water Content","resolution":0.1}},{"parameter":{"unit":"degrees celsius","min":-40,"max":50,"subject":"Water","property":"Temperature","accuracy":1,"sensor":"Temperature","id":"53f741cc1283720000000029","label":"Temperature","resolution":0.1}},{"parameter":{"unit":"deciseimans per meter","min":0,"max":23,"subject":"Water","property":"Conductivity","accuracy":10,"sensor":"Conductivity","id":"53f741cc128372000000002a","label":"Conductivity","resolution":0.001}}]},{"sensingDevice":{"id":"53f741cc128372000000002b","label":"Decagon GS3","type":"SDI12","params":["53f741cc1283720000000028","53f741cc1283720000000029","53f741cc128372000000002a"]},"id":"3","label":"Decagon GS3","parameters":[{"parameter":{"unit":"Vol %","min":1,"max":80,"subject":"Water","property":"Volumetric Water Content","accuracy":1,"sensor":"Volumetric Water Content","id":"53f741cc1283720000000028","label":"Volumetric Water Content","resolution":0.1}},{"parameter":{"unit":"degrees celsius","min":-40,"max":50,"subject":"Water","property":"Temperature","accuracy":1,"sensor":"Temperature","id":"53f741cc1283720000000029","label":"Temperature","resolution":0.1}},{"parameter":{"unit":"deciseimans per meter","min":0,"max":23,"subject":"Water","property":"Conductivity","accuracy":10,"sensor":"Conductivity","id":"53f741cc128372000000002a","label":"Conductivity","resolution":0.001}}]}],"comm":{"config":{"cell-band":"1","gw-add":"http://vpn.ir.clemson.edu","apn-name":"epc.tmobile.com","gw-port":"5000"},"radio":{"options":[{"name":"apn-name","label":"APN Name","type":"text","required":false},{"name":"cell-band","label":"Cellular Band","type":"number","required":false},{"name":"gw-add","label":"Gateway Address","type":"url","required":false},{"name":"gw-port","label":"Gateway Port","type":"number","required":false}],"id":"53d2b49c0d4574412500002a","label":"Cellular"}},"minSdi12":0,"sTrans":4,"active":true,"sdi12Read":3,"label":"BAR 04","uri":"http://www.intelligentriver.org/resource/deployment#bar_4","max1Wire":1,"sLogSize":1,"numAds":0,"sdi12St":5,"maxSdi12":4,"sdi12V3":true,"id":"53f74258128372000000002e","min1Wire":0,"projectId":"5"},"active":true,"location":{"lng":-79.24302,"lat":33.32585},"id":"53f77448a7c2a50000000027","label":"Bar 4","projectId":"5"},"53f77484a7c2a50000000029":{"motestackId":{"nvsramLog":false,"sPeriod":300,"sensing":[{"sensingDevice":{"id":"53f73f6e1283720000000022","label":"Decagon CTD","type":"SDI12","params":["53f73f6e128372000000001f","53f73f6e1283720000000020","53f73f6e1283720000000021"]},"id":"0","label":"Decagon CTD","parameters":[{"parameter":{"unit":"millimeters","min":0,"max":5000,"subject":"Water","property":"Depth","accuracy":0.05,"sensor":"Depth","id":"53f73f6e128372000000001f","label":"Depth","resolution":1}},{"parameter":{"unit":"degrees celsius","min":-11,"max":49,"subject":"Water","property":"Temperature","accuracy":1,"sensor":"Temperature","id":"53f73f6e1283720000000020","label":"Temperature","resolution":0.1}},{"parameter":{"unit":"deciseimans per meter","min":0,"max":120,"subject":"Water","property":"Conductivity","accuracy":0.01,"sensor":"Conductivity","id":"53f73f6e1283720000000021","label":"Conductivity","resolution":0.001}}]}],"comm":{"config":{"cell-band":"1","gw-add":"http://vpn.ir.clemson.edu","apn-name":"epc.tmobile.com","gw-port":"5000"},"radio":{"options":[{"name":"apn-name","label":"APN Name","type":"text","required":false},{"name":"cell-band","label":"Cellular Band","type":"number","required":false},{"name":"gw-add","label":"Gateway Address","type":"url","required":false},{"name":"gw-port","label":"Gateway Port","type":"number","required":false}],"id":"53d2b49c0d4574412500002a","label":"Cellular"}},"minSdi12":0,"sTrans":4,"active":true,"sdi12Read":3,"label":"BAR 02","uri":"http://www.intelligentriver.org/resource/deployment#bar_2","max1Wire":1,"sLogSize":1,"numAds":0,"sdi12St":5,"maxSdi12":1,"sdi12V3":true,"id":"53f73fdb1283720000000025","min1Wire":0,"projectId":"5"},"active":true,"location":{"lng":-79.245807,"lat":33.329925},"id":"53f77484a7c2a50000000029","label":"Bar 2","projectId":"5"},"53f77467a7c2a50000000028":{"motestackId":{"nvsramLog":false,"sPeriod":300,"sensing":[{"sensingDevice":{"id":"53f741cc128372000000002b","label":"Decagon GS3","type":"SDI12","params":["53f741cc1283720000000028","53f741cc1283720000000029","53f741cc128372000000002a"]},"id":"0","label":"Decagon GS3","parameters":[{"parameter":{"unit":"Vol %","min":1,"max":80,"subject":"Water","property":"Volumetric Water Content","accuracy":1,"sensor":"Volumetric Water Content","id":"53f741cc1283720000000028","label":"Volumetric Water Content","resolution":0.1}},{"parameter":{"unit":"degrees celsius","min":-40,"max":50,"subject":"Water","property":"Temperature","accuracy":1,"sensor":"Temperature","id":"53f741cc1283720000000029","label":"Temperature","resolution":0.1}},{"parameter":{"unit":"deciseimans per meter","min":0,"max":23,"subject":"Water","property":"Conductivity","accuracy":10,"sensor":"Conductivity","id":"53f741cc128372000000002a","label":"Conductivity","resolution":0.001}}]},{"sensingDevice":{"id":"53f741cc128372000000002b","label":"Decagon GS3","type":"SDI12","params":["53f741cc1283720000000028","53f741cc1283720000000029","53f741cc128372000000002a"]},"id":"1","label":"Decagon GS3","parameters":[{"parameter":{"unit":"Vol %","min":1,"max":80,"subject":"Water","property":"Volumetric Water Content","accuracy":1,"sensor":"Volumetric Water Content","id":"53f741cc1283720000000028","label":"Volumetric Water Content","resolution":0.1}},{"parameter":{"unit":"degrees celsius","min":-40,"max":50,"subject":"Water","property":"Temperature","accuracy":1,"sensor":"Temperature","id":"53f741cc1283720000000029","label":"Temperature","resolution":0.1}},{"parameter":{"unit":"deciseimans per meter","min":0,"max":23,"subject":"Water","property":"Conductivity","accuracy":10,"sensor":"Conductivity","id":"53f741cc128372000000002a","label":"Conductivity","resolution":0.001}}]},{"sensingDevice":{"id":"53f741cc128372000000002b","label":"Decagon GS3","type":"SDI12","params":["53f741cc1283720000000028","53f741cc1283720000000029","53f741cc128372000000002a"]},"id":"2","label":"Decagon GS3","parameters":[{"parameter":{"unit":"Vol %","min":1,"max":80,"subject":"Water","property":"Volumetric Water Content","accuracy":1,"sensor":"Volumetric Water Content","id":"53f741cc1283720000000028","label":"Volumetric Water Content","resolution":0.1}},{"parameter":{"unit":"degrees celsius","min":-40,"max":50,"subject":"Water","property":"Temperature","accuracy":1,"sensor":"Temperature","id":"53f741cc1283720000000029","label":"Temperature","resolution":0.1}},{"parameter":{"unit":"deciseimans per meter","min":0,"max":23,"subject":"Water","property":"Conductivity","accuracy":10,"sensor":"Conductivity","id":"53f741cc128372000000002a","label":"Conductivity","resolution":0.001}}]},{"sensingDevice":{"id":"53f741cc128372000000002b","label":"Decagon GS3","type":"SDI12","params":["53f741cc1283720000000028","53f741cc1283720000000029","53f741cc128372000000002a"]},"id":"3","label":"Decagon GS3","parameters":[{"parameter":{"unit":"Vol %","min":1,"max":80,"subject":"Water","property":"Volumetric Water Content","accuracy":1,"sensor":"Volumetric Water Content","id":"53f741cc1283720000000028","label":"Volumetric Water Content","resolution":0.1}},{"parameter":{"unit":"degrees celsius","min":-40,"max":50,"subject":"Water","property":"Temperature","accuracy":1,"sensor":"Temperature","id":"53f741cc1283720000000029","label":"Temperature","resolution":0.1}},{"parameter":{"unit":"deciseimans per meter","min":0,"max":23,"subject":"Water","property":"Conductivity","accuracy":10,"sensor":"Conductivity","id":"53f741cc128372000000002a","label":"Conductivity","resolution":0.001}}]}],"comm":{"config":{"cell-band":"1","gw-add":"http://vpn.ir.clemson.edu","apn-name":"epc.tmobile.com","gw-port":"5000"},"radio":{"options":[{"name":"apn-name","label":"APN Name","type":"text","required":false},{"name":"cell-band","label":"Cellular Band","type":"number","required":false},{"name":"gw-add","label":"Gateway Address","type":"url","required":false},{"name":"gw-port","label":"Gateway Port","type":"number","required":false}],"id":"53d2b49c0d4574412500002a","label":"Cellular"}},"minSdi12":0,"sTrans":4,"active":true,"sdi12Read":3,"label":"BAR 03","uri":"http://www.intelligentriver.org/resource/deployment#bar_3","max1Wire":1,"sLogSize":1,"numAds":0,"sdi12St":5,"maxSdi12":4,"sdi12V3":true,"id":"53f7424d128372000000002d","min1Wire":0,"projectId":"5"},"active":true,"location":{"lng":-79.24577,"lat":33.32982},"id":"53f77467a7c2a50000000028","label":"Bar 3","projectId":"5"}}