{
  "id": "cfb75437-0865-1967-f1a7-f47d4ff4d75b",
  "name": "intelligent-river",
  "values": [
    {
      "enabled": true,
      "key": "intelligent-river",
      "value": "localhost:8000",
      "type": "text"
    },
    {
      "enabled": true,
      "key": "project-id",
      "value": "0",
      "type": "text"
    },
    {
      "enabled": true,
      "key": "deployment-id",
      "value": "53f774a2a7c2a5000000002a",
      "type": "text"
    },
    {
      "enabled": true,
      "key": "date",
      "value": "01-20-2017",
      "type": "text"
    }
  ],
  "timestamp": 1510980078929,
  "_postman_variable_scope": "environment",
  "_postman_exported_at": "2017-11-18T14:17:24.653Z",
  "_postman_exported_using": "Postman/5.3.2"
}